4;Сборка4;Builds
3;Сборка3;Builds
2;Сборка2;Builds
1;Сборка1;Builds
4;Транзистор;PKI;
3;Реле;PKI;
2;Коллектор;PKI;
1;Конденсатор;PKI;
4;Закрылок;Details
3;Крыло;Details
2;Корпус;Details
1;Ресивер;Details
4;Сборка4;Builds
3;Сборка3;Builds
2;Сборка2;Builds
1;Сборка1;Builds
4;Транзистор;PKI;
3;Реле;PKI;
2;Коллектор;PKI;
1;Конденсатор;PKI;
4;Закрылок;Details;
3;Крыло;Details;
2;Корпус;Details;
1;Ресивер;Details;
4;Сборка4;Builds
3;Сборка3;Builds
2;Сборка2;Builds
1;Сборка1;Builds
4;Транзистор;PKI;
3;Реле;PKI;
2;Коллектор;PKI;
1;Конденсатор;PKI;
4;Закрылок;Details;
3;Крыло;Details;
2;Корпус;Details;
1;Ресивер;Details;
4;Сборка4;Builds
3;Сборка3;Builds
2;Сборка2;Builds
1;Сборка1;Builds
4;Транзистор;PKI;
3;Реле;PKI;
2;Коллектор;PKI;
1;Конденсатор;PKI;
4;Закрылок;Details;
3;Крыло;Details;
2;Корпус;Details;
1;Ресивер;Details;
4;Сборка4;Builds
3;Сборка3;Builds
2;Сборка2;Builds
1;Сборка1;Builds
4;Транзистор;PKI;
3;Реле;PKI;
2;Коллектор;PKI;
1;Конденсатор;PKI;
4;Закрылок;Details;
3;Крыло;Details;
2;Корпус;Details;
1;Ресивер;Details;
